{
  "model_version": "safehouse-ridge-benchmark-v3",
  "feature_names": [
    "process_per_resident",
    "visits_per_resident",
    "intervention_achieve_rate",
    "caseload_complexity",
    "pct_high_critical_risk",
    "n_residents",
    "avg_education_progress",
    "avg_health_score"
  ],
  "imputer_medians": [
    43.8,
    21.875,
    0.16666666666666666,
    1.6666666666666667,
    10.0,
    7.0,
    79.70105263157895,
    3.2188888888888894
  ],
  "scaler_means": [
    47.765608465608466,
    22.329761904761906,
    0.14770723104056438,
    1.547089947089947,
    12.883597883597883,
    6.666666666666667,
    77.67050352117757,
    3.147959908449073
  ],
  "scaler_stds": [
    10.017698520602117,
    3.884827892597308,
    0.0742255107766165,
    0.4316147497908979,
    15.680758062013485,
    2.160246899469287,
    7.275873229327104,
    0.20510696624942562
  ],
  "ridge_intercept": 51.982160872275216,
  "ridge_coef": [
    2.0056070569829756,
    0.7539739045837535,
    -0.10879558791203213,
    -2.8133438297383133,
    -1.5136805880879327,
    1.9567871628318676,
    1.8360115371003287,
    1.346392045804289
  ],
  "train_mae": 2.026412527474762,
  "train_r2": 0.8658669487131987,
  "cv_mae_mean": 7.4084667981021655,
  "cv_mae_std": 3.349598338772793,
  "tier_strong_cut": 56.66134573863636,
  "tier_attention_cut": 49.16805692963752,
  "network_means": {
    "process_per_resident": 47.765608465608466,
    "visits_per_resident": 22.329761904761906,
    "intervention_achieve_rate": 0.14770723104056438,
    "caseload_complexity": 1.547089947089947,
    "pct_high_critical_risk": 12.883597883597883,
    "n_residents": 6.666666666666667,
    "avg_education_progress": 77.67050352117757,
    "avg_health_score": 3.147959908449073
  }
}